<?xml version="1.0" encoding="UTF-8"?>
<config xmlns="http://www.knime.org/2008/09/XMLConfig" xmlns:xsi="http://www.w3.org/2001/XMLSchema-instance" xsi:schemaLocation="http://www.knime.org/2008/09/XMLConfig http://www.knime.org/XMLConfig_2008_09.xsd" key="model.xml">
<entry key="version" type="xint" value="1"/>
<entry key="class_name" type="xstring" value="org.knime.base.data.normalize.NormalizerPortObject"/>
<config key="model">
<config key="columns">
<config key="blueWardsPlaced">
<entry key="column_name" type="xstring" value="blueWardsPlaced"/>
<entry key="column_scale" type="xdouble" value="0.004081632653061225"/>
<entry key="column_translate" type="xdouble" value="-0.020408163265306124"/>
<entry key="column_min" type="xdouble" value="0.0"/>
<entry key="column_max" type="xdouble" value="1.0"/>
</config>
<config key="blueWardsDestroyed">
<entry key="column_name" type="xstring" value="blueWardsDestroyed"/>
<entry key="column_scale" type="xdouble" value="0.037037037037037035"/>
<entry key="column_translate" type="xdouble" value="0.0"/>
<entry key="column_min" type="xdouble" value="0.0"/>
<entry key="column_max" type="xdouble" value="1.0"/>
</config>
<config key="blueFirstBlood">
<entry key="column_name" type="xstring" value="blueFirstBlood"/>
<entry key="column_scale" type="xdouble" value="1.0"/>
<entry key="column_translate" type="xdouble" value="0.0"/>
<entry key="column_min" type="xdouble" value="0.0"/>
<entry key="column_max" type="xdouble" value="1.0"/>
</config>
<config key="blueEliteMonsters">
<entry key="column_name" type="xstring" value="blueEliteMonsters"/>
<entry key="column_scale" type="xdouble" value="0.5"/>
<entry key="column_translate" type="xdouble" value="0.0"/>
<entry key="column_min" type="xdouble" value="0.0"/>
<entry key="column_max" type="xdouble" value="1.0"/>
</config>
<config key="blueDragons">
<entry key="column_name" type="xstring" value="blueDragons"/>
<entry key="column_scale" type="xdouble" value="1.0"/>
<entry key="column_translate" type="xdouble" value="0.0"/>
<entry key="column_min" type="xdouble" value="0.0"/>
<entry key="column_max" type="xdouble" value="1.0"/>
</config>
<config key="blueHeralds">
<entry key="column_name" type="xstring" value="blueHeralds"/>
<entry key="column_scale" type="xdouble" value="1.0"/>
<entry key="column_translate" type="xdouble" value="0.0"/>
<entry key="column_min" type="xdouble" value="0.0"/>
<entry key="column_max" type="xdouble" value="1.0"/>
</config>
<config key="blueTowersDestroyed">
<entry key="column_name" type="xstring" value="blueTowersDestroyed"/>
<entry key="column_scale" type="xdouble" value="0.25"/>
<entry key="column_translate" type="xdouble" value="0.0"/>
<entry key="column_min" type="xdouble" value="0.0"/>
<entry key="column_max" type="xdouble" value="1.0"/>
</config>
<config key="blueAvgLevel">
<entry key="column_name" type="xstring" value="blueAvgLevel"/>
<entry key="column_scale" type="xdouble" value="0.2941176470588235"/>
<entry key="column_translate" type="xdouble" value="-1.3529411764705879"/>
<entry key="column_min" type="xdouble" value="0.0"/>
<entry key="column_max" type="xdouble" value="1.0"/>
</config>
<config key="blueTotalJungleMinionsKilled">
<entry key="column_name" type="xstring" value="blueTotalJungleMinionsKilled"/>
<entry key="column_scale" type="xdouble" value="0.010869565217391304"/>
<entry key="column_translate" type="xdouble" value="0.0"/>
<entry key="column_min" type="xdouble" value="0.0"/>
<entry key="column_max" type="xdouble" value="1.0"/>
</config>
<config key="blueGoldDiff">
<entry key="column_name" type="xstring" value="blueGoldDiff"/>
<entry key="column_scale" type="xdouble" value="4.4849082836256E-5"/>
<entry key="column_translate" type="xdouble" value="0.4857155671166525"/>
<entry key="column_min" type="xdouble" value="0.0"/>
<entry key="column_max" type="xdouble" value="1.0"/>
</config>
<config key="blueExperienceDiff">
<entry key="column_name" type="xstring" value="blueExperienceDiff"/>
<entry key="column_scale" type="xdouble" value="5.655788699734178E-5"/>
<entry key="column_translate" type="xdouble" value="0.5278547593461909"/>
<entry key="column_min" type="xdouble" value="0.0"/>
<entry key="column_max" type="xdouble" value="1.0"/>
</config>
<config key="redWardsPlaced">
<entry key="column_name" type="xstring" value="redWardsPlaced"/>
<entry key="column_scale" type="xdouble" value="0.003703703703703704"/>
<entry key="column_translate" type="xdouble" value="-0.022222222222222223"/>
<entry key="column_min" type="xdouble" value="0.0"/>
<entry key="column_max" type="xdouble" value="1.0"/>
</config>
<config key="redWardsDestroyed">
<entry key="column_name" type="xstring" value="redWardsDestroyed"/>
<entry key="column_scale" type="xdouble" value="0.041666666666666664"/>
<entry key="column_translate" type="xdouble" value="0.0"/>
<entry key="column_min" type="xdouble" value="0.0"/>
<entry key="column_max" type="xdouble" value="1.0"/>
</config>
<config key="redEliteMonsters">
<entry key="column_name" type="xstring" value="redEliteMonsters"/>
<entry key="column_scale" type="xdouble" value="0.5"/>
<entry key="column_translate" type="xdouble" value="0.0"/>
<entry key="column_min" type="xdouble" value="0.0"/>
<entry key="column_max" type="xdouble" value="1.0"/>
</config>
<config key="redDragons">
<entry key="column_name" type="xstring" value="redDragons"/>
<entry key="column_scale" type="xdouble" value="1.0"/>
<entry key="column_translate" type="xdouble" value="0.0"/>
<entry key="column_min" type="xdouble" value="0.0"/>
<entry key="column_max" type="xdouble" value="1.0"/>
</config>
<config key="redHeralds">
<entry key="column_name" type="xstring" value="redHeralds"/>
<entry key="column_scale" type="xdouble" value="1.0"/>
<entry key="column_translate" type="xdouble" value="0.0"/>
<entry key="column_min" type="xdouble" value="0.0"/>
<entry key="column_max" type="xdouble" value="1.0"/>
</config>
<config key="redTowersDestroyed">
<entry key="column_name" type="xstring" value="redTowersDestroyed"/>
<entry key="column_scale" type="xdouble" value="0.5"/>
<entry key="column_translate" type="xdouble" value="0.0"/>
<entry key="column_min" type="xdouble" value="0.0"/>
<entry key="column_max" type="xdouble" value="1.0"/>
</config>
<config key="redAvgLevel">
<entry key="column_name" type="xstring" value="redAvgLevel"/>
<entry key="column_scale" type="xdouble" value="0.2941176470588236"/>
<entry key="column_translate" type="xdouble" value="-1.4117647058823533"/>
<entry key="column_min" type="xdouble" value="0.0"/>
<entry key="column_max" type="xdouble" value="1.0"/>
</config>
<config key="redTotalJungleMinionsKilled">
<entry key="column_name" type="xstring" value="redTotalJungleMinionsKilled"/>
<entry key="column_scale" type="xdouble" value="0.011363636363636364"/>
<entry key="column_translate" type="xdouble" value="-0.045454545454545456"/>
<entry key="column_min" type="xdouble" value="0.0"/>
<entry key="column_max" type="xdouble" value="1.0"/>
</config>
<config key="Mean(blueKills)">
<entry key="column_name" type="xstring" value="Mean(blueKills)"/>
<entry key="column_scale" type="xdouble" value="0.045454545454545456"/>
<entry key="column_translate" type="xdouble" value="0.0"/>
<entry key="column_min" type="xdouble" value="0.0"/>
<entry key="column_max" type="xdouble" value="1.0"/>
</config>
<config key="Mean(blueDeaths)">
<entry key="column_name" type="xstring" value="Mean(blueDeaths)"/>
<entry key="column_scale" type="xdouble" value="0.045454545454545456"/>
<entry key="column_translate" type="xdouble" value="0.0"/>
<entry key="column_min" type="xdouble" value="0.0"/>
<entry key="column_max" type="xdouble" value="1.0"/>
</config>
<config key="Mean(blueAssists)">
<entry key="column_name" type="xstring" value="Mean(blueAssists)"/>
<entry key="column_scale" type="xdouble" value="0.034482758620689655"/>
<entry key="column_translate" type="xdouble" value="0.0"/>
<entry key="column_min" type="xdouble" value="0.0"/>
<entry key="column_max" type="xdouble" value="1.0"/>
</config>
<config key="Sum(blueTotalMinionsKilled)">
<entry key="column_name" type="xstring" value="Sum(blueTotalMinionsKilled)"/>
<entry key="column_scale" type="xdouble" value="0.0051813471502590676"/>
<entry key="column_translate" type="xdouble" value="-0.46632124352331605"/>
<entry key="column_min" type="xdouble" value="0.0"/>
<entry key="column_max" type="xdouble" value="1.0"/>
</config>
<config key="Sum(redTotalMinionsKilled)">
<entry key="column_name" type="xstring" value="Sum(redTotalMinionsKilled)"/>
<entry key="column_scale" type="xdouble" value="0.005494505494505495"/>
<entry key="column_translate" type="xdouble" value="-0.5879120879120879"/>
<entry key="column_min" type="xdouble" value="0.0"/>
<entry key="column_max" type="xdouble" value="1.0"/>
</config>
<config key="Sum(redTotalGold)">
<entry key="column_name" type="xstring" value="Sum(redTotalGold)"/>
<entry key="column_scale" type="xdouble" value="8.680555555555556E-5"/>
<entry key="column_translate" type="xdouble" value="-0.9732638888888889"/>
<entry key="column_min" type="xdouble" value="0.0"/>
<entry key="column_max" type="xdouble" value="1.0"/>
</config>
<config key="Sum(blueTotalGold)">
<entry key="column_name" type="xstring" value="Sum(blueTotalGold)"/>
<entry key="column_scale" type="xdouble" value="7.709505820676895E-5"/>
<entry key="column_translate" type="xdouble" value="-0.8272299745586308"/>
<entry key="column_min" type="xdouble" value="0.0"/>
<entry key="column_max" type="xdouble" value="1.0"/>
</config>
</config>
<entry key="summary" type="xstring" value="Min/Max (0.0, 1) normalization on 26 column(s)"/>
</config>
</config>
